{"modellist":[
	{"location":"models/mmd/kizunaai/kizunaai.pmx",
		"line_locationx_1":0.5074777351200621,"line_locationy_1":8.006246885121097,
		"line_locationx_2":0.2555624174194287,"line_locationy_2":8.125575193505608,
		"line_locationx_3":0.45444293139361314,"line_locationy_3":8.40732258830237,
		"line_locationx_4":0.7229316252587618,"line_locationy_4":8.118945843039802}
		,
	{"location":"models/mmd/るいのれ式物述有栖_配布用フォルダ/物述有栖.pmx",
	"line_locationx_1":0.4916294604434026,
	"line_locationy_1":4.317874057995277,
	"line_locationx_2":0.3107265223015104,
	"line_locationy_2":4.43787897735673,
	"line_locationx_3":0.4952116968422519,
	"line_locationy_3":4.740577953059501,
	"line_locationx_4":0.7799994905507753,
	"line_locationy_4":4.509523705333717
	}
	,
	{"location":"models/mmd/『天宮こころ(Kokoro Amamiya)』/『天宮こころ(Kokoro Amamiya)』.pmx",
		"line_locationx_1":0.5178642361040947,"line_locationy_1":5.340447086456777,
		"line_locationx_2":0.29167797452254013,"line_locationy_2":5.441587284724952,
		"line_locationx_3":0.5252198868872346,"line_locationy_3":5.577666824213042,
		"line_locationx_4":0.7504866921208969,"line_locationy_4":5.478365538640652}

]
}